fortune_rank,company,ticker,n_obs,daily_std,cc_vol,parkinson_vol,gk_vol,rs_vol,yz_vol,ewma_vol,mad_vol,norm_avg_vol,n_measures
25,Fannie Mae,FNMA,253,0.07231389649597547,1.1479475187744972,0.9922963675903059,0.9970326342499948,1.0223950333807923,1.1589262266948355,0.8836302428860745,0.757380589197598,0.9511423139665719,7
38,Freddie Mac,FMCC,253,0.06973723823808567,1.1070443369906333,0.9992201148247337,1.0103526366140607,1.0223852631391803,1.186119524822834,0.9439040655919537,0.6404883981646267,0.9330417182575623,7
114,Warner Bros. Discovery,WBD,252,0.03831105323984728,0.6081691160255477,0.5148078831397251,0.4956540420638214,0.4891030000251132,0.5707444539052303,1.0705280157783637,0.38639841418090287,0.485960186892949,7
43,Tesla,TSLA,252,0.04375284713860597,0.6945549160786523,0.5179113162793986,0.515284875075074,0.5134719597253945,0.660808772174746,0.43482577273313655,0.5496688893743585,0.47542207024716177,7
135,PBF Energy,PBF,253,0.03810834361134708,0.6049512004333287,0.5338285954770465,0.42290569072571876,0.5056522284833604,0.644490420862455,0.625678195346652,0.4717854563873287,0.4546620927439912,7
147,Paramount Global,PARA,252,0.03155428523998582,0.5009087492603912,0.4669595657682054,0.4575877927351065,0.46369711294912075,0.5079294794376598,1.0471050406987517,0.25982788800863976,0.4114246335720884,7
170,Micron Technology,MU,252,0.038692758652527526,0.6142285016017829,0.4181521289453293,0.414886595423202,0.40981684785922357,0.5787339302400014,0.5206798891606892,0.5166207754402434,0.40696926253865545,7
186,Constellation Energy,CEG,253,0.04097942402005055,0.6505281889663231,0.46878548958078886,0.46485774193965945,0.4614920278255347,0.6120586931267933,0.345047687144393,0.40821614110695625,0.3939821047033236,7
130,GE Vernova,GEV,253,0.03516350423237636,0.5582033245466103,0.4546038619639236,0.4596722193273688,0.4632825669277595,0.5941471195153138,0.4557950865285021,0.41034043038040663,0.38964218938682854,7
86,Intel,INTC,252,0.03562024192433761,0.5654538106305248,0.45654554868031655,0.45825762580420915,0.45969265595664044,0.562396819244366,0.44769214826760545,0.42607095911232634,0.3882045783391326,7
87,Oracle,ORCL,253,0.034318734158792774,0.5447930153682188,0.3278555954131389,0.31283963715658203,0.3129551081948048,0.5331307614791811,1.2117563209811246,0.2923179377532162,0.3811345449118911,7
138,United Natural Foods,UNFI,253,0.036552516925622815,0.5802532174720633,0.4628406665306874,0.46998215102796853,0.47344505296836953,0.5531557544053247,0.3640263671066589,0.38848781515413106,0.37471060804316153,7
74,United Airlines Holdings,UAL,253,0.03561160424933443,0.5653166917907395,0.47064364084666954,0.4617477660884859,0.4597635302086183,0.5617670618933521,0.37363288201211725,0.3829025568611539,0.3716423201539331,7
88,Broadcom,AVGO,253,0.03559391527888015,0.5650358880901147,0.3962547871191701,0.3908455374247696,0.38571445592250914,0.5598265722128518,0.54613823184504,0.3974602849400275,0.36184949626197965,7
193,Macy's,M,252,0.031341422740673634,0.4975296618406011,0.39824725784053167,0.2789728144108946,0.38232237969956845,0.5672746621225907,0.7180615788301952,0.4018857436651316,0.3598376216791612,7
23,Centene,CNC,253,0.040468925259945686,0.6424242723832574,0.32284090509279856,0.3206002971671319,0.3234826344746421,0.6054445101097508,0.7026203111098043,0.28655961715606076,0.34166033962236864,7
179,Block,XYZ,253,0.03503867170140102,0.5562216695516612,0.40211212513819755,0.3930644915283584,0.38687440026184616,0.5609584579622563,0.35072860038006665,0.4078218224151305,0.33969390202337707,7
167,Advanced Micro Devices,AMD,253,0.032208379422698795,0.5112921725092268,0.38342315549352507,0.383018235391885,0.3788898317257412,0.5022074996854676,0.44301564229062207,0.42181320744501755,0.33365788244151656,7
81,American Airlines Group,AAL,253,0.034582843861574245,0.5489856269226125,0.4154571952323488,0.4034146716580527,0.4018031560147864,0.5105825452208562,0.446328413397542,0.32121900101546086,0.3297889259328253,7
111,Molina Healthcare,MOH,253,0.034441210207854754,0.5467372623724973,0.37643524442394394,0.37438860829487053,0.377988233935369,0.5075055194785193,0.5269090174943912,0.3319165649312857,0.32709979783513854,7
39,Humana,HUM,253,0.02960535479553889,0.4699704375889763,0.3869969792969627,0.3780945730142879,0.39121469049968316,0.5474874596440286,0.5449743970578106,0.3041134322475738,0.3220967301282984,7
153,NRG Energy,NRG,253,0.033876243464659096,0.5377686933633905,0.4102046590178311,0.3914882542910233,0.3911261902097993,0.49264499440835235,0.44042229408021755,0.31688267883364735,0.31946072621012356,7
44,Dell Technologies,DELL,253,0.03233243317543728,0.5132614647829288,0.37544591764229546,0.3531835534648682,0.3635034075178408,0.5208246371024337,0.4033229132776231,0.3962950626469079,0.3176189133491591,7
31,Nvidia,NVDA,252,0.03169455178725343,0.5031354116683819,0.3955342821095779,0.3909370566130079,0.38827389307909776,0.5094554372458149,0.28273163996338785,0.3797381022910378,0.30814180355973914,7
70,Delta Air Lines,DAL,253,0.030986652526157406,0.4918978592795032,0.38370834567399875,0.3724556040942011,0.37748847641836486,0.48300193327149654,0.34844472800360604,0.34047401628096124,0.2956158739804528,7
139,Dollar Tree,DLTR,253,0.02689810162299762,0.42699412580516727,0.3800173973203874,0.3901826262419685,0.3965468150463603,0.45480455300951794,0.3705619681407458,0.31053803645542166,0.28298910201929617,7
95,Ingram Micro Holding,INGM,220,0.02574797065496597,0.4087363627057729,0.3788398908580791,0.374478938954732,0.3817887553237435,0.45157852152730965,0.30220429541406996,0.34780589076086793,0.2748494375005304,7
103,Dow,DOW,253,0.0282269519018607,0.44808897001023057,0.3383577665082808,,0.2576996619014534,0.5831686873961006,0.47061372420645314,0.2897031069672633,0.2666674718405154,6
3,UnitedHealth Group,UNH,253,0.031935202563839984,0.5069556243143575,0.2985956909498653,0.2840102131148706,0.3087458029937401,0.4945156710490102,0.4930138746815457,0.2766296392026122,0.2650044350295611,7
169,Freeport-McMoRan,FCX,253,0.02832102057831097,0.449582263954521,0.33906568936185366,0.323616648711399,0.3303030985719363,0.4550428656089228,0.3789959505166118,0.3250863347179213,0.2634995766553993,7
143,Hewlett Packard Enterprise,HPE,253,0.029174043527552165,0.46312358347245947,0.3516800754077289,0.3139849418408408,0.34386368882310564,0.5057187969358219,0.2787021241502481,0.30675896758253723,0.2588326337894389,7
158,Applied Materials,AMAT,253,0.02862264668406533,0.45437042994302645,0.31898112845540305,0.30476890461793343,0.30686856094687515,0.46032961609366235,0.42978650764528464,0.31100181498667445,0.2582936480881837,7
26,Walgreens Boots Alliance,WBA,243,0.03283268887065133,0.5212027777518092,0.41749935195769555,0.3957225495647172,0.42404654331442565,0.5653793736033734,0.09112005299570466,0.17075559798229373,0.2567514564742768,7
145,KKR,KKR,253,0.028214664135894036,0.4478939077727324,0.3522364761815365,0.3419328121687961,0.3352185727810562,0.43456088935748616,0.29691285940619283,0.31064600331277276,0.25214245484820536,7
42,StoneX Group,SNEX,253,0.023917499354436482,0.3796785316463209,0.34976198586672685,0.3557003542271518,0.3608048143438802,0.4079413303507927,0.4466814171280811,0.2621472218656523,0.2519787358049889,7
199,WESCO International,WCC,253,0.026604136805095165,0.4223275789909336,0.3370528295280088,0.3277420541641525,0.3262998442871873,0.43175525267284953,0.283181230165947,0.33502946456859956,0.2457936469197448,7
156,Southwest Airlines,LUV,253,0.025788888218345685,0.40938590888751764,0.34949661817010036,0.305824611855074,0.3460209610527987,0.44296663020185467,0.35143623289884585,0.2817973601625201,0.24421518245413984,7
101,Uber Technologies,UBER,253,0.025554993629806712,0.4056729474018502,0.3454400647722501,0.34352531022917876,0.3434102058487953,0.4152731187655046,0.2622674903026412,0.31260748561301177,0.2396129400057434,7
79,Charter Communications,CHTR,253,0.026472257490939705,0.42023405978095896,0.31817186935332753,0.3190219061357492,0.31793908594838777,0.40400605002593853,0.37046588683150705,0.29145439040603294,0.23676554106941647,7
163,Apollo Global Management,APO,253,0.026541531280009883,0.421333747090488,0.34588599425237365,0.3363445702462282,0.34526589408884567,0.4437286867453013,0.25226224575681844,0.2791619201799119,0.23643974148280458,7
151,CarMax,KMX,253,0.024298328274235934,0.3857240033294252,0.32140170404733764,0.32425426689604947,0.32550371222432317,0.41890744107018135,0.3318693863840922,0.30231945222150275,0.2339928281925401,7
124,Lithia Motors,LAD,253,0.02360015425628183,0.3746408343893054,0.3329236372281372,0.3292291506192403,0.3304227389139127,0.3971038337762211,0.3441752373788799,0.28852735681145614,0.23107108894167447,7
194,Halliburton,HAL,253,0.025972202153150853,0.41229592738760074,0.3393161468924686,0.2598313312936746,0.3158823734689063,0.43004313287599605,0.34279582593688135,0.2909596449654243,0.23056393373467216,7
108,Best Buy,BBY,253,0.026744509632708628,0.42455592854711055,0.32663269615148294,0.20583146459919605,0.3153920007743433,0.4945934582863657,0.3193322348412357,0.2899042205037885,0.22857843408238201,7
178,Synchrony Financial,SYF,253,0.026730457237514643,0.42433285368906204,0.3296637079215779,0.3114257489983242,0.3222262420676384,0.43648438799019834,0.22747839015939672,0.2913682323472225,0.2254056663055188,7
100,Eli Lilly,LLY,253,0.025315864246544896,0.4018768861261761,0.29481914452076863,0.2887754880545305,0.2879729651229622,0.4053217476009645,0.3944732292478701,0.27908808633040016,0.22133645737285848,7
150,HF Sinclair,DINO,253,0.024759868146303498,0.3930507216592133,0.3615209785598807,0.06657973184404224,0.33915302251959084,0.5210576377129362,0.29141167269503926,0.2998424244000721,0.21648527929930056,7
140,Nucor,NUE,253,0.02537708327491912,0.40284870807367534,0.3128095027118437,0.293537117363273,0.3061446772631842,0.4308115547164348,0.2489288982076831,0.28444919150713693,0.21455628385415024,7
63,Boeing,BA,253,0.02321880902261655,0.36858716647767653,0.3240207147009217,0.32463717895265826,0.3222723427073618,0.3807493015397505,0.2595163958742402,0.28410393648004,0.21250653743836598,7
123,D.R. Horton,DHI,253,0.02308270750057216,0.36642662179535557,0.297841782454825,0.28416433319135037,0.28901109181064755,0.4010642506918843,0.3842328237419648,0.26710563391893866,0.21150674491314195,7
184,Quanta Services,PWR,253,0.02462562096036539,0.39091961364999833,0.32350490651871777,0.3266295923497354,0.3245872834770487,0.42142458014605283,0.2376593567533888,0.2349815961419574,0.20819489045935893,7
20,Elevance Health,ELV,253,0.02354559108460875,0.37377467089136607,0.2922247525126424,0.25893178775576287,0.29043195125986104,0.4270609723774676,0.3801650518037469,0.25165975416651776,0.20797751635571118,7
82,Capital One Financial,COF,253,0.024702053631590934,0.39213294469061727,0.3092784614587844,0.3003930781236489,0.3065095056864714,0.4129073053296624,0.2398719807542384,0.264271999798526,0.20503813678628188,7
34,Valero Energy,VLO,253,0.02365132947074108,0.37545321573380286,0.3206681612711495,0.2441644819263804,0.3105505595224847,0.4120629253504883,0.2547137495755482,0.273156810790489,0.2009844033827783,7
129,Lennar,LEN,253,0.021746845857492886,0.3452204756338882,0.2925428142229825,0.2680817034619474,0.2785877968842762,0.3731680667316476,0.3442037779501479,0.29091888100163266,0.1998244063364401,7
142,Coupang,CPNG,253,0.022101943730275454,0.35085747960871255,0.3042553302618061,0.3074542507521713,0.3111576751383335,0.3845037082097516,0.3702517609606173,0.20651211648898138,0.1991502343192564,7
148,Jabil,JBL,253,0.023911178172844133,0.37957818599940835,0.3052223831355312,0.30746865170608667,0.3085552785595251,0.39314259925285044,0.28152838062780006,0.22107936498260417,0.19637809300618667,7
18,General Motors,GM,253,0.02355028997612938,0.3738492634817736,0.30041375556387123,0.2942553969369987,0.31045205016456295,0.39174102192853794,0.24189711379928938,0.2553056196092912,0.19575235123093124,7
188,Jones Lang LaSalle,JLL,253,0.02121338110143862,0.33675198516746424,0.3013635318751879,0.30318441019804393,0.3065864550339373,0.3672786120577148,0.24694745459095854,0.28601788739718575,0.1952739356809309,7
189,Lear,LEA,253,0.02225747527343826,0.3533264663141219,0.301973794707209,0.20544822436289437,0.29567965426916004,0.41335343701346305,0.2931144683282346,0.28479465338696835,0.19439050487792847,7
112,Dollar General,DG,253,0.021504998603022085,0.3413812694903272,0.30565604919631134,0.2777531800337261,0.31536411883962967,0.3804058333796736,0.25742133097448977,0.25821814143060257,0.1913457041662629,7
19,Ford Motor,F,253,0.02019913590265542,0.3206513417809345,0.2711275736393331,,0.290643650934307,0.5786265053023496,0.21840365205510961,0.256686080367158,0.19078440358252022,6
90,Nike,NKE,253,0.024713251099391553,0.39231069898130183,0.281432287069068,0.23622194435684862,0.28075554778180456,0.4188539542786916,0.2557746835941776,0.2570285754108055,0.18822063005420134,7
22,Meta Platforms,META,253,0.022654599352734842,0.35963061563484744,0.2891591021486852,0.28546968161724734,0.28301498560791233,0.37981008010363404,0.265273954022972,0.2570353916195675,0.18768171764875427,7
137,PayPal Holdings,PYPL,252,0.023436282067253955,0.37203944403550027,0.27970378281223185,0.27432516030179643,0.2699049483178245,0.3539458976067239,0.2943310906099639,0.2676378792433962,0.186540566421576,7
117,Qualcomm,QCOM,253,0.02320383801548687,0.36834950910722863,0.30029729488747936,0.2582324636744277,0.2916027042693725,0.38708609195878657,0.23090529353776493,0.2526816032613542,0.18403903314981865,7
160,AutoNation,AN,253,0.019141762348952,0.30386605698495944,0.2955403017699602,0.2987109216514384,0.3013662031172016,0.35715851513529184,0.24582798951671359,0.2713530299863911,0.18301166880916034,7
155,Baker Hughes,BKR,253,0.022891799575254265,0.3633960524331409,0.2929558745874549,0.2624852935521387,0.28545272976080266,0.3669066277011399,0.2671256775593099,0.2438401592673359,0.18132632095130355,7
29,Marathon Petroleum,MPC,253,0.0222600395436764,0.3533671728421888,0.3133713741200641,0.2733622226949341,0.3023785803651035,0.3763075156325952,0.20225933195019366,0.24409686454646468,0.18079227429245798,7
41,Target,TGT,252,0.02590115489330175,0.4111680871022409,0.28137229382122164,0.10332427227571775,0.2693231380809875,0.4644736033847306,0.29505566247996323,0.25128967027839316,0.180477212043985,7
5,CVS Health,CVS,253,0.023542369405729905,0.3737235283246608,0.2871066024092278,0.13049350628322937,0.28229563929519663,0.4616634723302405,0.2905128711838072,0.24192998586613282,0.17883227179768033,7
2,Amazon,AMZN,253,0.021100333670509605,0.3349574128359067,0.26467210289575094,0.26295334380862007,0.263020809003834,0.3651598199965222,0.3014773095250851,0.267011824898616,0.17822770325983608,7
159,Occidental Petroleum,OXY,253,0.022189825912197415,0.35225256599694804,0.29085591698099744,0.24447532063112756,0.2731460555239844,0.3541092699602692,0.25828593853874454,0.27081713706658284,0.17797300272114694,7
120,Salesforce,CRM,253,0.020654594192933102,0.327881517992759,0.26513464112337964,0.2664099666150888,0.26931957164634956,0.3491817808308773,0.3242607363300334,0.2526053003338755,0.17606552547164236,7
172,Carrier Global,CARR,253,0.02152454113788793,0.34169149761378426,0.25314497167141614,0.24490499724427742,0.2530008335781609,0.3313992855272827,0.3409010559253452,0.2743247747248709,0.17484345564029066,7
7,Alphabet,GOOGL,253,0.019952125337018557,0.31673017061365133,0.2570187162295435,0.2546153765644431,0.25664984824573794,0.33349684475412666,0.3345830597493176,0.26337657250856283,0.1708197958608611,7
84,HP,HPQ,253,0.02352548377008254,0.3734554771687478,0.2918400681238864,0.08642391426991014,0.2856174161472762,0.4321355440039348,0.26757478270436247,0.25764821345476224,0.1702442819989949,7
116,Netflix,NFLX,253,0.020617048240233974,0.3272854944712857,0.27384699657883854,0.2701952289859022,0.2696674569682756,0.3432466420614365,0.25909316072799193,0.2474267255428192,0.16769335671352376,7
106,World Kinect,WKC,253,0.020838052979760963,0.3307938359474158,0.25870901006595354,0.23512919878162963,0.28550588877003336,0.3710692702235023,0.2530062287263652,0.22514283063868246,0.16137496753863506,7
49,FedEx,FDX,253,0.02275945025477622,0.3612950721041011,0.26024306021649557,0.19863216168244724,0.2563053806213475,0.38451056780805476,0.2583069588505356,0.2365300473347738,0.16137100418197403,7
28,Phillips 66,PSX,252,0.022539287760593628,0.35780010085831604,0.28888621546969645,0.151304009045978,0.2763841036470311,0.397997095986884,0.23430640783111364,0.22392905949859188,0.15825423734103575,7
146,Ferguson Enterprises,FERG,253,0.02129422385558417,0.3380353241040882,0.23564676488539407,0.21382394371354407,0.23265299843325216,0.35459785925648746,0.3473814815466547,0.22851151123745972,0.15727392469737161,7
154,Arrow Electronics,ARW,253,0.020142111866162462,0.3197461132650539,0.2502915650246442,0.25102139080074165,0.2541838656787345,0.31742368909748975,0.2867714462477633,0.24366230450536616,0.1562461120982892,7
181,Avnet,AVT,253,0.019650847567648372,0.3119475342938166,0.25951263424445525,0.23324459950644258,0.2674119638348231,0.34484551452199674,0.2867064473627964,0.2204611288400758,0.15494665960626472,7
75,ConocoPhillips,COP,253,0.021400499160579612,0.3397223922692411,0.270350719947141,0.15353704256694473,0.24628563881709895,0.3663267073496516,0.2594601521079306,0.2605195333106324,0.1548807864432591,7
33,Wells Fargo,WFC,253,0.020340020006542975,0.3228878075963465,0.25855934651865314,0.22704891847565567,0.25982523835167937,0.3677627750087833,0.24125231289958687,0.23295847996131258,0.15467045083629993,7
176,PG&E,PCG,253,0.018989399800156796,0.30144737650556713,0.26962819885158895,0.26623597267511634,0.2673419319512603,0.2986543376602819,0.32473220516566154,0.2054166991143446,0.15449708966992665,7
32,Goldman Sachs Group,GS,253,0.020911921127726055,0.33196645644336314,0.2637783852834262,0.22760716778748122,0.25877257298515727,0.35957748265992534,0.23793606112769183,0.22773633658998907,0.15397798185539918,7
126,Starbucks,SBUX,253,0.020537128588463766,0.3260168093305806,0.26824993539898645,0.21702765430536944,0.26147228700856345,0.35654696228102556,0.2424528304873007,0.23216871115933124,0.15395176970868166,7
21,Citigroup,C,253,0.02086854010399044,0.3312778040408202,0.26365324988145333,0.20252091420090876,0.2685861200749909,0.38492792870577147,0.2184287147263829,0.23002238240572886,0.15360429950252913,7
61,HCA Healthcare,HCA,253,0.018028074210738203,0.286186805874182,0.2747312888809632,0.28031446771393,0.29233454470445736,0.31666841173546956,0.2667643359679553,0.1952628764281512,0.15211486325116103,7
128,CBRE Group,CBRE,253,0.019152614950321036,0.30403833669076297,0.26392736779895326,0.2665873252100836,0.2647590052666953,0.32047516956820543,0.22367753692799358,0.2376121725424276,0.15122002761061276,7
190,Live Nation Entertainment,LYV,253,0.018417988029935158,0.2923764958642373,0.270838929757516,0.2739606790287377,0.272659901570534,0.3128921562760051,0.22512262418596957,0.2248070180747467,0.14917002611502062,7
200,Oneok,OKE,252,0.020436494604931014,0.324419294367364,0.2745927011110838,,0.25025070416627676,0.402722717718389,0.23013572104770452,0.22919354290477148,0.1489636289103424,6
180,Danaher,DHR,253,0.019431769154826768,0.3084697723061244,0.2635080901546055,0.2568824011061748,0.25710340844305724,0.31234408501689775,0.25687801525422865,0.2223964543525845,0.14872091590887843,7
104,Thermo Fisher Scientific,TMO,253,0.01907242451166085,0.3027653529414428,0.26136049057498734,0.2579245788424772,0.2572646245042702,0.3136284674460803,0.28059846133902105,0.21126701672549703,0.1483537012507652,7
118,General Electric (GE Aerospace),GE,253,0.020284044768455644,0.32199922823900623,0.26296617534593825,0.2599954248424053,0.26024295388508234,0.3248737417470353,0.2095526611123849,0.222132672602613,0.14728991044714967,7
4,Apple,AAPL,253,0.020181675709559952,0.32037416980829186,0.2559024457806292,0.25156976772040257,0.2511042920209646,0.33333457529506066,0.26257908009789316,0.19488597612628325,0.14489780900946903,7
73,TD Synnex,SNX,253,0.020402509457378176,0.32387979687519614,0.2509680189970183,0.24074780227938514,0.2515276367194885,0.38586859088291625,0.20065518707314017,0.2021277651530254,0.14450773838563366,7
133,Paccar,PCAR,253,0.01820428986576176,0.2889841426760341,0.2514894926374139,0.14351562725185804,0.2605834674099302,0.43033083806340006,0.2555370539675453,0.21200592346645822,0.14284198828830874,7
40,Morgan Stanley,MS,253,0.02068482796791371,0.3283614642915193,0.2566212484645706,0.19216102723099487,0.2527878578069439,0.39004051834461484,0.19310852299808273,0.2176461699646248,0.14260680882710353,7
149,Gilead Sciences,GILD,252,0.01722219541548836,0.2733938765996335,0.24943523259190464,0.22786440417067164,0.282162525806605,0.3416395494563818,0.2469603262901294,0.21269440477260584,0.1419267538905928,7
196,Reinsurance Group of America,RGA,253,0.01902844545456718,0.30206720705365303,0.2497640735437565,0.227908852619674,0.25602120869653194,0.3501021927181423,0.22092200867531805,0.20945188315912042,0.13908241161690624,7
141,Penske Automotive Group,PAG,253,0.017843385611549755,0.2832549652535329,0.25577816079846044,0.17848546805097176,0.2675193209488592,0.35104458317004433,0.24527644261464984,0.22221507714674849,0.13835425248086017,7
89,Deere,DE,253,0.017919441510131705,0.28446231521385723,0.24649070734564085,0.23940028841213226,0.2474186694603884,0.3045242917681957,0.25300334442639416,0.226619984151469,0.1375936024597624,7
183,EOG Resources,EOG,253,0.018608693992874334,0.29540385917308226,0.2520445950709161,0.17213400135259516,0.24586265626345838,0.3538109302451327,0.2486714242056732,0.22130496323760834,0.13568517876107228,7
13,Cigna Group,CI,253,0.018714766481817215,0.29708770773321336,0.26053859548328795,0.22569257041914906,0.25930953471073,0.3331496875769647,0.24208345053180857,0.18649108303367887,0.13536381391697833,7
174,3M,MMM,253,0.01820867018830268,0.28905367814066724,0.24834503701343644,0.21911536156704872,0.2478009393193675,0.31128626420062777,0.25055607703481064,0.2197695478421731,0.1348477377815686,7
58,American Express,AXP,253,0.019771007335674436,0.3138550114765697,0.24691135233124173,0.23484767954607247,0.235061455842624,0.3076078074511405,0.21389572244279542,0.22405633060579072,0.1341693945753444,7
64,Caterpillar,CAT,253,0.01878214649035735,0.29815733220882096,0.23750712136652619,0.22229268580150335,0.23878371076850416,0.3251986569475639,0.2295342089881052,0.21717517652595364,0.13206974860516857,7
132,Cummins,CMI,253,0.018729993140403144,0.29732942344471447,0.24835364523525186,0.21454509337745736,0.25123449849416835,0.3263413115719462,0.22098512254177166,0.20519073322276757,0.13103924975575015,7
94,Bristol-Myers Squibb,BMY,253,0.018359205096820375,0.29144334573009734,0.25416437234805794,0.05676147436852607,0.251081440567634,0.40837673696400734,0.22382133132108756,0.24797105613375442,0.13075709409382819,7
47,UPS,UPS,253,0.020382316781986515,0.3235592480908478,0.2250991504147373,,0.17671828864701972,0.4535199947937078,0.2468784334069072,0.20889168538097988,0.13070531974453534,6
173,NextEra Energy,NEE,253,0.01804657915179457,0.28648056270654837,0.2535161475855856,0.15072043896627782,0.2437046849229783,0.3238399966465442,0.2078531828527672,0.24726677550097942,0.12762422535664927,7
92,Plains GP Holdings,PAGP,253,0.01658229054633373,0.26323570172049865,0.23559165875860832,,0.22925944802739856,0.5110458044593076,0.14553965657685486,0.2096283529456478,0.12738167195310504,6
80,Performance Food Group,PFGC,253,0.016282066918461506,0.25846979937816555,0.2482668696932611,0.25106664936481954,0.2514513664098372,0.3030619571265149,0.21829566238613635,0.20445642483983215,0.12669328424217882,7
67,Pfizer,PFE,253,0.015572497384314987,0.24720573222660772,0.2221261484661656,,0.19525251957573614,0.4588268079221943,0.2501758252821147,0.22506427167254878,0.12635189100891758,6
65,Merck,MRK,253,0.017142803455112616,0.2721335683001208,0.24474168075311187,0.16357948975595824,0.23253220049902706,0.3449639851831819,0.21966812051350995,0.23301849522084717,0.1253588530209844,7
168,Truist Financial,TFC,253,0.01916016224939744,0.30415814634932137,0.23668411075649365,,0.22706121748060004,0.41233499250516337,0.19252289161899008,0.21222962042745644,0.1250898410467445,6
171,Marriott International,MAR,252,0.01780083155394893,0.28257944053140194,0.2271509567040141,0.22035553846538664,0.22699035056109865,0.2853790770511051,0.23099401727650318,0.23435260546267273,0.1241765924192008,7
166,Kraft Heinz,KHC,253,0.015613491413420656,0.24785649226412057,0.21908412652572082,,0.21428971474460515,0.3783960065894569,0.31516087049658364,0.21361117093390522,0.12243220386658393,6
164,Charles Schwab,SCHW,253,0.01692443988120998,0.2686671540284709,0.23609720938291845,0.2261205866023511,0.23708045811445,0.30557677191505234,0.2644575116917008,0.18621084153526518,0.12228008135269516,7
182,Booking Holdings,BKNG,253,0.01681024157680329,0.26685431214683875,0.2462534705139818,0.24158904208081936,0.24859340109291117,0.3018100417989618,0.17451657418842356,0.213707323732243,0.12212010125871409,7
68,IBM,IBM,253,0.018201221442380965,0.2889354329649383,0.2255508786353484,0.1682131604757937,0.22778642682426833,0.33339826720976956,0.22641805562661382,0.22628739036458972,0.12207770328495535,7
187,Genuine Parts,GPC,253,0.021855447470915786,0.3469444728004724,0.23252309272084135,0.09651601241507769,0.2308897970074419,0.36358024273541933,0.23039665420694652,0.19928287465285854,0.12071516774249816,7
53,Energy Transfer,ET,253,0.016945712102887273,0.26900484007882264,0.2538546996012073,,0.21831526774474347,0.497145874247014,0.13136631574016833,0.18861247103824133,0.11980241368312888,6
55,Albertsons,ACI,253,0.01634010292916627,0.2593910924866321,0.23760714194042698,0.1755712766029413,0.23144480624765526,0.31525091168132874,0.20457935655540943,0.22416386038388295,0.11554186853382545,7
60,MetLife,MET,253,0.0183115671304333,0.29068711645794704,0.232468758759564,0.16130450997570026,0.23564216497975773,0.3425227782273357,0.20699385088087038,0.19307141201652012,0.11502817923790502,7
77,AbbVie,ABBV,253,0.0178327414143391,0.283085993861181,0.2443130882884534,0.14445343794659285,0.23137497640727978,0.3536360986036982,0.20862572356268164,0.1920310181922384,0.11441416422790716,7
27,Kroger,KR,253,0.01634916896536715,0.25953501134962,0.22323408327310176,0.19429455857142472,0.24343778794449755,0.2876929850134937,0.21500582168027502,0.2147325621365326,0.11290558883526866,7
62,Prudential Financial,PRU,253,0.017276360873458053,0.27425372658825986,0.2266973335557939,,0.21890280671096454,0.3906806818021895,0.20699488687796203,0.19973363334080796,0.11159589213936975,6
198,State Street,STT,253,0.017355812473059392,0.27551498163112836,0.23674810294726228,0.17247638719333835,0.2326906220288581,0.35269348585563737,0.2008231290921669,0.17361905215344656,0.1108760954025805,7
134,Amgen,AMGN,253,0.016861115531198345,0.26766191113607735,0.24872507551961698,0.12881224445856165,0.2259883882672117,0.34373220287845974,0.2049883666137056,0.20376362514867072,0.11059050077058782,7
46,Walt Disney,DIS,253,0.018430057618537544,0.2925680946434499,0.22767694472816324,0.22211094578133547,0.22974207001976507,0.30268172356197454,0.17643089343192503,0.18275779462008243,0.11013969911952584,7
50,Archer Daniels Midland,ADM,253,0.0177196394089226,0.28129055518649254,0.24949532424674484,0.008415976093270673,0.2539633716098497,0.3686957903183736,0.2148129932787692,0.22361706428521438,0.10954804076780748,7
66,Allstate,ALL,253,0.016514852847409982,0.2621651614384425,0.23003897216540573,0.18309749855148905,0.2138616473031644,0.2801600923461236,0.22560414180449606,0.21971633970017349,0.10942514917937017,7
35,Comcast,CMCSA,253,0.01781158816676907,0.2827501964662309,0.23201817212411535,0.12433420015824094,0.22415176541406434,0.3566656272658546,0.18282243119217684,0.20855591839811116,0.10917798532056007,7
105,U.S. Bancorp,USB,253,0.018212020533742556,0.28910686322570767,0.23293327650387735,,0.20818344685016676,0.3918378027763413,0.1861771230151501,0.19020255596171115,0.10786992116441159,6
122,US Foods Holding,USFD,253,0.014767169325136924,0.23442154561616296,0.23601121446528556,0.24443819121651397,0.249010473080602,0.27227477444429576,0.2008811913693048,0.1787028056333239,0.10714801126361125,7
15,Cardinal Health,CAH,253,0.014458780954996083,0.22952603200845972,0.22604050023122654,0.22417330594941717,0.23883358566080434,0.289254751299861,0.23091773152949047,0.17452605691093928,0.10553228833216922,7
17,Bank of America,BAC,253,0.017681032327825533,0.2806776867739189,0.22883796766057943,0.177631315913191,0.23464519956500357,0.3258615878226522,0.1835970672679547,0.170293067289518,0.10448021282891982,7
11,JPMorgan Chase,JPM,253,0.01723368385111122,0.273576249861301,0.22501361409784063,0.19236549083928833,0.21979369691230585,0.3067268393122887,0.19109231201213106,0.18663076411947999,0.10439674198235839,7
9,McKesson,MCK,253,0.015269505940018005,0.24239589216066715,0.22502260604445137,0.23407342891718855,0.2420942215455788,0.2742365583118753,0.21805961082596886,0.16949138877544162,0.10420374092649329,7
52,Lowe's,LOW,253,0.015155417236892878,0.24058479014544137,0.21526893217666568,0.1859971823342842,0.21483474640737082,0.27810819197717007,0.23311822027471474,0.2152959451769527,0.10398364464347616,7
57,Progressive,PGR,253,0.015320610627987967,0.2432071539318556,0.2181371828563363,0.18398026881227217,0.2124447693536036,0.30728121562575644,0.1810086616889972,0.19238698198737322,0.09651660622949203,7
131,PNC Financial Services Group,PNC,253,0.016483837676685174,0.26167281086679417,0.2230474309927284,0.09261699925925138,0.21891522746359968,0.35168652179704785,0.18347284156604562,0.19085635871201936,0.09449631902839509,7
110,Northrop Grumman,NOC,253,0.017122781245049994,0.27181572556897926,0.21927396547485953,0.1874386008495015,0.2172473356926023,0.28058607192227175,0.17926618306307926,0.16672692304296344,0.09216933051851837,7
37,AT&T,T,253,0.014206689956036873,0.22552421146243626,0.21616222504741614,,0.23116343399006078,0.3678810276132168,0.1804004509402663,0.18339778853083566,0.09133871094468297,6
1,Walmart,WMT,253,0.015183782215217745,0.2410350702169894,0.20352896132984682,0.19641221593761857,0.2077571150158494,0.24996226718637973,0.2225867228163028,0.1859192393513556,0.09020858373285694,7
59,Lockheed Martin,LMT,253,0.017136564421763457,0.2720345267161409,0.2197667956634797,0.10657897404965001,0.20681070974110022,0.30927173242477735,0.21991341111893864,0.17236230051135265,0.0897015270575978,7
121,Philip Morris International,PM,253,0.01704771114362412,0.27062402465336366,0.20093162146990928,0.08746918680689539,0.1911584019339858,0.33301025267144263,0.22866947415543695,0.18472875601910516,0.08843113231958441,7
113,Bank of New York (BNY),BK,253,0.014869220781591662,0.23604156226443,0.21606001533156596,0.17946635411986367,0.22099539027345602,0.2990756875949335,0.16149681973030844,0.17247221607957738,0.08761526867755445,7
157,AIG,AIG,253,0.01442629938924699,0.22901040313746318,0.213093768289687,0.19211841266216567,0.21825165945544492,0.27105200801408763,0.1741097502304377,0.17557529527589213,0.08568614085865607,7
16,Chevron,CVX,253,0.015682176936029257,0.24894684113307775,0.2076515394173348,,0.19952110148030952,0.3563134830011152,0.18736803532576782,0.17921098386664164,0.08557937321596952,6
54,RTX,RTX,253,0.016397163939097136,0.26029690793764365,0.20402658097996962,0.1594444528332067,0.19173575559794953,0.2874428427730439,0.19207685321789847,0.17466977960975832,0.08420276607783315,7
195,Stryker,SYK,253,0.013494847308439419,0.21422405975352032,0.20842625997395534,0.2088893145453687,0.21600932181550753,0.2459765439026753,0.19171039083743271,0.17215561229307003,0.08257162048309181,7
24,Home Depot,HD,253,0.014131845337390713,0.22433608997498103,0.20507126436196224,0.1357904700226966,0.20174861452673704,0.2748511253083734,0.21716259355131548,0.18562588248943923,0.08126849877429738,7
10,Cencora,COR,253,0.013235075512167037,0.21010031033012877,0.20496251667153434,0.20654504919572347,0.21731716082900682,0.2352912850375952,0.21208813402612534,0.16287708966756573,0.08017414647256728,7
99,Travelers,TRV,253,0.01564013558487396,0.24827945537344945,0.20444549011226493,0.1627408176414342,0.187638102522538,0.25948810564668406,0.18369622401474214,0.18670956686846268,0.07995026785873205,7
30,Verizon Communications,VZ,253,0.013271579599582424,0.21067979475295964,0.18345061437751872,,0.1995778948270386,0.435639011594098,0.15680274589403712,0.16534719720793456,0.07947879701579359,6
8,Exxon Mobil,XOM,253,0.015122664936326503,0.24006486349245817,0.2116070912752567,,0.1968817958694591,0.31953866555309146,0.18915873875950814,0.18164785898397784,0.0790256895046531,6
119,Honeywell International,HON,253,0.015614745667830133,0.24787640293561028,0.20089601614336106,0.15024153276087435,0.20064657664089433,0.27506613941657504,0.18209098712228355,0.1745539466872189,0.07889835326717844,7
14,Microsoft,MSFT,253,0.015511427066268492,0.24623627098237585,0.19520776608087068,0.18755014570278053,0.19017941018311818,0.27118795464123985,0.1722015540619205,0.16536566799479044,0.0773724907604829,7
12,Costco Wholesale,COST,253,0.013506454895783861,0.21440832449012948,0.2072287099125883,0.208241684908448,0.21109533594706872,0.23116909233767727,0.17206953286216875,0.170055125106634,0.07636228986082845,7
107,Abbott Laboratories,ABT,253,0.01380269839714888,0.21911104428291464,0.20230623527790384,0.17661407008779093,0.20291393541576852,0.2615414667978737,0.20433340186680793,0.15461753969802722,0.07535680631928825,7
177,Union Pacific,UNP,253,0.014963141122914048,0.23753250146156601,0.194913205022799,0.11630311034385908,0.1921514558251084,0.28131369097486153,0.1672357487013182,0.18593906876301106,0.07177690324544686,7
56,Sysco,SYY,253,0.013298440043834249,0.2111061910865299,0.19463144839412544,0.1337463128443025,0.197673511259927,0.2687431192567892,0.17263781394834377,0.19278923738281878,0.07168912519205474,7
162,Hartford Insurance Group,HIG,253,0.01433980419390794,0.22763733447864867,0.19083093234498555,0.15994753441404283,0.19211668621787595,0.2583262986243189,0.16720620237926004,0.17919437920493145,0.07096064129716655,7
83,Cisco Systems,CSCO,253,0.014097914793383771,0.22379745928723202,0.1910481518134556,0.14230084535873244,0.19439014201170526,0.27862135631060064,0.20986836287399474,0.14775923867219687,0.06946444500857209,7
78,Enterprise Products Partners,EPD,253,0.011583456991577071,0.18388167913275202,0.1965188165646079,,0.19182204557744076,0.4637629524503617,0.10090629523497809,0.1533906354696222,0.06927891964054485,6
85,Tyson Foods,TSN,253,0.014413287269804455,0.22880384214501429,0.1934881973496814,,0.20199522255424246,0.3005051291456216,0.1786179393755304,0.17909572438381643,0.0690122752250986,6
125,Mondelez International,MDLZ,253,0.013528472554360193,0.21475784398439887,0.19671031058537158,0.1241719676710093,0.19580168637971684,0.2765416304206782,0.1763196916570752,0.1701260145963779,0.0673054893496207,7
127,Visa,V,253,0.01425663109490817,0.22631700246430503,0.1950003800622892,0.19065202156351807,0.19373462897721141,0.23871393557532702,0.17104634258782087,0.14944677453939012,0.06692456223401877,7
152,Mastercard,MA,253,0.013726711692032482,0.2179047927348035,0.19625378992050202,0.1922472255976755,0.19284984888625054,0.22989102536472775,0.15613621797906918,0.1559010314452021,0.0642893571117515,7
45,PepsiCo,PEP,253,0.013693693632511933,0.21738064728921172,0.18540826720372175,,0.1740224279753487,0.28835904244564814,0.21393596565652753,0.18090340619997647,0.06382117810416944,6
96,General Dynamics,GD,253,0.014104806780326868,0.22390686618817524,0.1966213545255037,0.1572221938739051,0.19625892344682047,0.25426561681016396,0.14049290263973352,0.14797763466113042,0.060522159760622245,7
175,Marsh & McLennan,MMC,252,0.011573061573177851,0.18371665698159922,0.18124329158024644,0.16323552122534435,0.18090217671007747,0.21968085445753138,0.1656821477518022,0.15299212655450675,0.04972813579214623,7
76,TJX,TJX,253,0.011163978214050687,0.17722265997912678,0.17785682046747706,0.16532869007192796,0.18402555074848462,0.22173599620880902,0.15473739227052466,0.14982920496952823,0.04719018991028967,7
192,Exelon,EXC,253,0.011955888583006228,0.18979384736058538,0.18165000640687495,,0.18874422662629617,0.290305938093916,0.12430889029637752,0.16353870052299674,0.04352560309077882,6
197,Waste Management,WM,253,0.01153321660941498,0.18308413779090957,0.16921628823315682,0.15755422556612378,0.1690629707277063,0.20643670710155415,0.15998920980109493,0.14935064319871302,0.041367122539034955,7
6,Berkshire Hathaway,BRK-A,253,0.012000252037613882,0.19049809536973472,0.1703858446016479,0.17160318848494924,0.1732405307680897,0.20384782174298882,0.13190337402182803,0.14715986609726547,0.040873037479782055,7
165,McDonald's,MCD,253,0.01172979441223901,0.18620471366819683,0.17079547670110945,0.09692532566749198,0.18168489725306344,0.24386406661802032,0.1432137343054668,0.1525140653380373,0.03953532460087483,7
51,Procter & Gamble,PG,253,0.011660774841171742,0.18510906194435478,0.16198272997219584,0.07573851034518922,0.1654981371966977,0.23749517577814971,0.1314778586462539,0.1495848737108897,0.029125382564736207,7
97,Coca-Cola,KO,253,0.010711745299648905,0.17004368502201633,0.1571286330116037,0.08940549091688829,0.16069207216364978,0.24040797124597915,0.12370019387781579,0.15566333424281595,0.028093742371358154,7
48,Johnson & Johnson,JNJ,253,0.012057846340185419,0.19141237657896568,0.16670135551507864,,0.16916030835872906,0.268586026668561,0.13686206193466666,0.1351217660183904,0.027687976627318204,6
144,Duke Energy,DUK,253,0.011245400941420614,0.17851520570526344,0.16703678772166727,,0.14621847388261514,0.2689287929170994,0.11293607594181793,0.1699060770990511,0.027008705939433053,6
161,Southern,SO,253,0.01125924582682236,0.17873498644748267,0.16877374050767482,,0.1547298234599251,0.2608906755205082,0.10669978231037328,0.16850863696154783,0.02634332317045149,6
